<?xml version="1.0" encoding="UTF-8"?>
<beans xmlns="http://www.springframework.org/schema/beans"
       xmlns:xsi="http://www.w3.org/2001/XMLSchema-instance" xmlns:mvc="http://www.springframework.org/schema/mvc"
       xsi:schemaLocation="http://www.springframework.org/schema/beans http://www.springframework.org/schema/beans/spring-beans.xsd http://www.springframework.org/schema/mvc http://www.springframework.org/schema/mvc/spring-mvc.xsd">

    <mvc:annotation-driven />

    <mvc:resources mapping="/static/**" location="/static/" />

    <!-- Resolves views selected for rendering by @Controllers to .jsp resources in the /WEB-INF/views directory -->
    <bean class="org.springframework.web.servlet.view.InternalResourceViewResolver">
        <property name="prefix" value="/WEB-INF/views/" />
        <property name="suffix" value=".jsp" />
    </bean>

    <!--For file upload-->
    <!--<bean id="multipartResolver" class="org.springframework.web.multipart.commons.CommonsMultipartResolver" />-->
    <!--This is a custom version of multipart resolver to handle PUT request-->
    <bean id="multipartResolver" class="tutorial.ExtendedMultipartResolver"/>
    <!-- Imports user-defined @Controller beans that process client requests -->
    <import resource="controllers.xml" />

</beans>